{"cameraMode":{"drawMode":0,"name":"Shaded","section":"Shading Mode"},"sceneLighting":true,"audioPlay":false,"sceneViewState":{"m_AlwaysRefresh":false,"showFog":true,"showSkybox":true,"showFlares":true,"showImageEffects":true,"showParticleSystems":true,"showVisualEffectGraphs":true,"m_FxEnabled":true},"in2DMode":false,"pivot":{"x":-0.9012560844421387,"y":1.841451644897461,"z":3.1022820472717287},"rotation":{"x":0.0025657229125499727,"y":0.955390453338623,"z":0.008302832953631878,"w":-0.29522189497947695},"size":3.2195377349853517,"orthographic":false}