{"cameraMode":{"drawMode":0,"name":"Shaded","section":"Shading Mode"},"sceneLighting":true,"audioPlay":false,"sceneViewState":{"m_AlwaysRefresh":false,"showFog":true,"showSkybox":true,"showFlares":true,"showImageEffects":true,"showParticleSystems":true,"showVisualEffectGraphs":true,"m_FxEnabled":true},"in2DMode":false,"pivot":{"x":-1.831305980682373,"y":2.4065866470336916,"z":0.2434086799621582},"rotation":{"x":-0.004522288683801889,"y":0.9901936054229736,"z":-0.03299505636096001,"w":-0.1357036828994751},"size":4.016226291656494,"orthographic":false}