{"cameraMode":{"drawMode":0,"name":"Shaded","section":"Shading Mode"},"sceneLighting":true,"audioPlay":false,"sceneViewState":{"m_AlwaysRefresh":false,"showFog":true,"showSkybox":true,"showFlares":true,"showImageEffects":true,"showParticleSystems":true,"showVisualEffectGraphs":true,"m_FxEnabled":true},"in2DMode":false,"pivot":{"x":-16.787508010864259,"y":17.432268142700197,"z":99.2621078491211},"rotation":{"x":0.016498273238539697,"y":0.00753780547529459,"z":0.00010664783621905372,"w":-0.9998583793640137},"size":13.010415077209473,"orthographic":true}