{"cameraMode":{"drawMode":0,"name":"Shaded","section":"Shading Mode"},"sceneLighting":true,"audioPlay":false,"sceneViewState":{"m_AlwaysRefresh":false,"showFog":true,"showSkybox":true,"showFlares":true,"showImageEffects":true,"showParticleSystems":true,"showVisualEffectGraphs":true,"m_FxEnabled":true},"in2DMode":false,"pivot":{"x":-20.640201568603517,"y":16.149974822998048,"z":133.59909057617188},"rotation":{"x":0.05692251771688461,"y":-0.695112407207489,"z":0.055381279438734058,"w":0.7145233750343323},"size":69.39617156982422,"orthographic":true}