{"cameraMode":{"drawMode":0,"name":"Shaded","section":"Shading Mode"},"sceneLighting":true,"audioPlay":false,"sceneViewState":{"m_AlwaysRefresh":false,"showFog":true,"showSkybox":true,"showFlares":true,"showImageEffects":true,"showParticleSystems":true,"showVisualEffectGraphs":true,"m_FxEnabled":true},"in2DMode":false,"pivot":{"x":-3.0172066688537599,"y":2.7318243980407717,"z":0.5912647247314453},"rotation":{"x":0.003070924896746874,"y":0.9966847896575928,"z":-0.06768843531608582,"w":0.04518186300992966},"size":2031.0694580078125,"orthographic":true}