{"cameraMode":{"drawMode":0,"name":"Shaded","section":"Shading Mode"},"sceneLighting":true,"audioPlay":false,"sceneViewState":{"m_AlwaysRefresh":false,"showFog":true,"showSkybox":true,"showFlares":true,"showImageEffects":true,"showParticleSystems":true,"showVisualEffectGraphs":true,"m_FxEnabled":true},"in2DMode":false,"pivot":{"x":3.5153350830078127,"y":29.69499397277832,"z":146.2799530029297},"rotation":{"x":-0.02698930911719799,"y":-0.02545115537941456,"z":0.0006777516100555658,"w":-0.9993308782577515},"size":8.65958023071289,"orthographic":true}