{"cameraMode":{"drawMode":0,"name":"Shaded","section":"Shading Mode"},"sceneLighting":true,"audioPlay":false,"sceneViewState":{"m_AlwaysRefresh":false,"showFog":true,"showSkybox":true,"showFlares":true,"showImageEffects":true,"showParticleSystems":true,"showVisualEffectGraphs":true,"m_FxEnabled":true},"in2DMode":false,"pivot":{"x":-0.90533447265625,"y":38.72386932373047,"z":228.23146057128907},"rotation":{"x":0.06295774132013321,"y":0.007718677166849375,"z":-0.000554460973944515,"w":0.9980148077011108},"size":45.57750701904297,"orthographic":true}