{"cameraMode":{"drawMode":0,"name":"Shaded","section":"Shading Mode"},"sceneLighting":true,"audioPlay":false,"sceneViewState":{"m_AlwaysRefresh":false,"showFog":true,"showSkybox":true,"showFlares":true,"showImageEffects":true,"showParticleSystems":true,"showVisualEffectGraphs":true,"m_FxEnabled":true},"in2DMode":false,"pivot":{"x":2.969241142272949,"y":107.48712158203125,"z":-115.79850769042969},"rotation":{"x":0.31835678219795229,"y":0.005688299424946308,"z":-0.0019097072072327138,"w":0.9479556679725647},"size":7.742351055145264,"orthographic":true}